{
  "test/testsuite.qunit.html": 1719229905821,
  "manifest.json": 1719245919200,
  "test/integration/pages/RisksList.js": 1719229905833,
  "test/integration/opaTests.qunit.js": 1719229905829,
  "test/integration/FirstJourney.js": 1719229905841,
  "test/testsuite.qunit.js": 1719229905821,
  "xs-app.json": 1719250719544,
  "test/integration/pages/RisksObjectPage.js": 1719229905837,
  "Component.js": 1719229905813,
  "Component-dbg.js": 1719229905813,
  "Component.js.map": 1719250726062,
  "test/integration/opaTests.qunit-dbg.js": 1719229905829,
  "test/integration/opaTests.qunit.js.map": 1719250726141,
  "test/integration/FirstJourney-dbg.js": 1719229905841,
  "test/integration/FirstJourney.js.map": 1719250726139,
  "test/testsuite.qunit-dbg.js": 1719229905821,
  "test/testsuite.qunit.js.map": 1719250726133,
  "test/integration/pages/RisksObjectPage-dbg.js": 1719229905837,
  "test/integration/pages/RisksObjectPage.js.map": 1719250726065,
  "test/integration/pages/RisksList-dbg.js": 1719229905833,
  "test/integration/pages/RisksList.js.map": 1719250726068,
  "Component-preload.js": 1719250726278,
  "Component-preload.js.map": 1719250726278,
  "test/integration/opaTests.qunit.html": 1719229905829,
  "i18n/i18n.properties": 1719229933628,
  "test/flpSandbox.html": 1719229905821,
  "index.html": 1719229905813
}